,serum,virus,replicate,nreplicates,ic10,ic10_bound,ic10_str,ic50,ic50_bound,ic50_str,ic90,ic90_bound,ic90_str,ic95,ic95_bound,ic95_str,ic97,ic97_bound,ic97_str,ic98,ic98_bound,ic98_str,ic99,ic99_bound,ic99_str,midpoint,midpoint_bound,midpoint_bound_type,slope,top,bottom,r2,rmsd
0,Pooled Sera,A2020 F + A2020 G,average,2,7.123629958087577e-05,interpolated,7.12e-05,0.00024555468187158533,interpolated,0.000246,0.0008464378714758921,interpolated,0.000846,0.0012893347256309117,interpolated,0.00129,0.0017394463279364445,interpolated,0.00174,0.002198353976757267,interpolated,0.0022,0.003266829959276068,interpolated,0.00327,0.00024555468187158533,0.00024555468187158533,interpolated,1.775510412948342,1.0,0.0,0.9510404143149559,0.1049182412151817
1,Pooled Sera,A2020F + Long G,average,2,3.3982375583484216e-05,interpolated,3.4e-05,0.00029130265599627305,interpolated,0.000291,0.0024970955071111764,interpolated,0.0025,0.005185051939291938,interpolated,0.00519,0.008720309813180038,interpolated,0.00872,0.01,lower,>0.01,0.01,lower,>0.01,0.00029130265599627305,0.00029130265599627305,interpolated,1.022668536272531,1.0,0.0,0.8535755043304376,0.13014339907309833
2,Clinical Sera,A2020 F + A2020 G,average,2,6.193222967109452e-06,interpolated,6.19e-06,7.750270758667097e-05,interpolated,7.75e-05,0.000969877835040792,interpolated,0.00097,0.0022904036342273337,interpolated,0.00229,0.004221322980457162,interpolated,0.00422,0.006808948471975434,interpolated,0.00681,0.01,lower,>0.01,7.750270758667097e-05,7.750270758667097e-05,interpolated,0.8695483605621366,1.0,0.0,0.9746916361902606,0.06176096350257803
3,Clinical Sera,A2020F + Long G,average,2,3.305487019146417e-06,interpolated,3.31e-06,7.619170811850371e-05,interpolated,7.62e-05,0.0017562242272893107,interpolated,0.00176,0.0051048918630213795,interpolated,0.0051,0.01,lower,>0.01,0.01,lower,>0.01,0.01,lower,>0.01,7.619170811850371e-05,7.619170811850371e-05,interpolated,0.7002729428442417,1.0,0.0,0.9438715966798152,0.0856460171332973
