,serum,virus,replicate,nreplicates,ic50,ic50_bound,ic50_str,midpoint,midpoint_bound,midpoint_bound_type,slope,top,bottom,r2,rmsd
0,Nirsevimab,N201S H Neat,average,2,553.6532211584295,interpolated,554,553.6532211584295,553.6532211584295,interpolated,1.4292935059413447,1.0,0.0,0.9085935210081787,0.07167086452306647
1,Nirsevimab,N201S H 1-4,average,2,187.56715142385443,interpolated,188,187.56715142385443,187.56715142385443,interpolated,0.7279463144949477,1.0,0.0,0.8303569701708013,0.11435222034872339
2,Nirsevimab,N201S H 1-8,average,2,210.79964611036056,interpolated,211,210.79964611036056,210.79964611036056,interpolated,1.0739047098327448,1.0,0.0,0.8997482257326562,0.09581423511946859
3,Pooled Sera,B1982 H Neat,average,2,0.0011028154845730458,interpolated,0.0011,0.0011028154845730458,0.0011028154845730458,interpolated,1.5978634002577938,1.0,0.0,0.9822388064801201,0.05165715636029882
4,Pooled Sera,B1982 H 1-4,average,2,0.00038806473972750736,interpolated,0.000388,0.00038806473972750736,0.00038806473972750736,interpolated,1.0588600143741587,1.0,0.0,0.9374463049833235,0.09003091529633567
5,Pooled Sera,B1982 H 1-8,average,2,0.00036934362736417765,interpolated,0.000369,0.00036934362736417765,0.00036934362736417765,interpolated,1.3481238019286166,1.0,0.0,0.9801662899552189,0.06086089629533303
