,serum,virus,replicate,nreplicates,ic10,ic10_bound,ic10_str,ic50,ic50_bound,ic50_str,ic90,ic90_bound,ic90_str,ic95,ic95_bound,ic95_str,ic97,ic97_bound,ic97_str,ic98,ic98_bound,ic98_str,ic99,ic99_bound,ic99_str,midpoint,midpoint_bound,midpoint_bound_type,slope,top,bottom,r2,rmsd
0,Nirsevimab,A2020 F + A2020 G,average,2,3.1583370718328876,interpolated,3.16,8.281739710262906,interpolated,8.28,21.71624214534584,interpolated,21.7,30.141179507189587,interpolated,30.1,38.05954877862164,interpolated,38.1,45.67472839817393,interpolated,45.7,62.18475497258081,interpolated,62.2,8.281739710262906,8.281739710262906,interpolated,2.279261086513312,1.0,0.0,0.9929588035636358,0.0375036520848647
1,Nirsevimab,A2020F + Long G,average,2,1.0866181993901145,interpolated,1.09,5.783897836910653,interpolated,5.78,30.78677883970298,interpolated,30.8,54.36323848385174,interpolated,54.4,81.47219132409164,interpolated,81.5,111.78872277098687,interpolated,112,190.9088167395189,interpolated,191,5.783897836910653,5.783897836910653,interpolated,1.3141236232780062,1.0,0.0,0.9293207188378212,0.10099165447898491
2,Nirsevimab,VSV,average,2,1000.0,lower,>1e+03,1000.0,lower,>1e+03,1000.0,lower,>1e+03,1000.0,lower,>1e+03,1000.0,lower,>1e+03,1000.0,lower,>1e+03,1000.0,lower,>1e+03,2.932338398514425e+16,1000.0,lower,0.08017021057385643,1.0,0.0,0.21149557812214714,0.022002972060749203
