,serum,virus,replicate,nreplicates,ic10,ic10_bound,ic10_str,ic50,ic50_bound,ic50_str,ic90,ic90_bound,ic90_str,ic95,ic95_bound,ic95_str,ic97,ic97_bound,ic97_str,ic98,ic98_bound,ic98_str,ic99,ic99_bound,ic99_str,midpoint,midpoint_bound,midpoint_bound_type,slope,top,bottom,r2,rmsd
0,Nirsevimab,A549 RSV Long,average,2,6.110718621713435,interpolated,6.11,11.154266903096056,interpolated,11.2,20.360562782813517,interpolated,20.4,24.98429794841933,interpolated,25,28.900501758994515,interpolated,28.9,32.3857056784416,interpolated,32.4,39.265152435783136,interpolated,39.3,11.154266903096056,11.154266903096056,interpolated,3.6512228374624027,1.0,0.0,0.9843044435147118,0.05645128634273817
1,Nirsevimab,TIM1 RSV Long,average,2,2.54987886930996,interpolated,2.55,7.545355798381968,interpolated,7.55,22.327489673885275,interpolated,22.3,32.290014986393786,interpolated,32.3,41.98307941484942,interpolated,42,51.548880249109516,interpolated,51.5,72.95091408865721,interpolated,73,7.545355798381968,7.545355798381968,interpolated,2.025303841263124,1.0,0.0,0.9953804398728968,0.03114180706081556
2,Palivizumab,A549 RSV Long,average,2,79.29027036535491,interpolated,79.3,172.67672555431716,interpolated,173,376.05183348182044,interpolated,376,490.0007578022902,interpolated,490,591.5419627521688,interpolated,592,685.3916710033259,interpolated,685,879.2900233861492,interpolated,879,172.67672555431716,172.67672555431716,interpolated,2.82308654423109,1.0,0.0,0.8735817086923736,0.15124872642925952
3,Palivizumab,TIM1 RSV Long,average,2,31.39840694941665,interpolated,31.4,103.09418704081645,interpolated,103,338.50161311462045,interpolated,339,507.16457831642504,interpolated,507,676.2134632397316,interpolated,676,846.7873818841289,interpolated,847,1238.919199325679,interpolated,1.24e+03,103.09418704081645,103.09418704081645,interpolated,1.848137545812606,1.0,0.0,0.9967621545489451,0.02283482139019524
